script,letter,global_index,canonical_index,canonical_glyph,code_point,instruction_image,output_image
Armenian,Ա,133,133,⠖,U+0531,Armenian_U+0531_instruction.png,Armenian_U+0531_output.png
Armenian,Բ,134,134,⠗,U+0532,Armenian_U+0532_instruction.png,Armenian_U+0532_output.png
Armenian,Գ,135,135,⠘,U+0533,Armenian_U+0533_instruction.png,Armenian_U+0533_output.png
Armenian,Դ,136,136,⠙,U+0534,Armenian_U+0534_instruction.png,Armenian_U+0534_output.png
Armenian,Ե,137,137,⠚,U+0535,Armenian_U+0535_instruction.png,Armenian_U+0535_output.png
Armenian,Զ,138,138,⠛,U+0536,Armenian_U+0536_instruction.png,Armenian_U+0536_output.png
Armenian,Է,139,139,⠜,U+0537,Armenian_U+0537_instruction.png,Armenian_U+0537_output.png
Armenian,Ը,140,140,⠝,U+0538,Armenian_U+0538_instruction.png,Armenian_U+0538_output.png
Armenian,Թ,141,141,⠞,U+0539,Armenian_U+0539_instruction.png,Armenian_U+0539_output.png
Armenian,Ժ,142,142,⠟,U+053A,Armenian_U+053A_instruction.png,Armenian_U+053A_output.png
Armenian,Ի,143,143,⠠,U+053B,Armenian_U+053B_instruction.png,Armenian_U+053B_output.png
Armenian,Լ,144,144,⠡,U+053C,Armenian_U+053C_instruction.png,Armenian_U+053C_output.png
Armenian,Խ,145,145,⠢,U+053D,Armenian_U+053D_instruction.png,Armenian_U+053D_output.png
Armenian,Ծ,146,146,⠣,U+053E,Armenian_U+053E_instruction.png,Armenian_U+053E_output.png
Armenian,Կ,147,147,⠤,U+053F,Armenian_U+053F_instruction.png,Armenian_U+053F_output.png
Armenian,Հ,148,148,⠥,U+0540,Armenian_U+0540_instruction.png,Armenian_U+0540_output.png
Armenian,Ձ,149,149,⠦,U+0541,Armenian_U+0541_instruction.png,Armenian_U+0541_output.png
Armenian,Ղ,150,150,⠧,U+0542,Armenian_U+0542_instruction.png,Armenian_U+0542_output.png
Armenian,Ճ,151,151,⠨,U+0543,Armenian_U+0543_instruction.png,Armenian_U+0543_output.png
Armenian,Մ,152,152,⠩,U+0544,Armenian_U+0544_instruction.png,Armenian_U+0544_output.png
Armenian,Յ,153,153,⠪,U+0545,Armenian_U+0545_instruction.png,Armenian_U+0545_output.png
Armenian,Ն,154,154,⠫,U+0546,Armenian_U+0546_instruction.png,Armenian_U+0546_output.png
Armenian,Շ,155,155,⠬,U+0547,Armenian_U+0547_instruction.png,Armenian_U+0547_output.png
Armenian,Ո,156,156,⠭,U+0548,Armenian_U+0548_instruction.png,Armenian_U+0548_output.png
Armenian,Չ,157,157,⠮,U+0549,Armenian_U+0549_instruction.png,Armenian_U+0549_output.png
Armenian,Պ,158,158,⠯,U+054A,Armenian_U+054A_instruction.png,Armenian_U+054A_output.png
Armenian,Ջ,159,159,⠰,U+054B,Armenian_U+054B_instruction.png,Armenian_U+054B_output.png
Armenian,Ռ,160,160,⠱,U+054C,Armenian_U+054C_instruction.png,Armenian_U+054C_output.png
Armenian,Ս,161,161,⠲,U+054D,Armenian_U+054D_instruction.png,Armenian_U+054D_output.png
Armenian,Վ,162,162,⠳,U+054E,Armenian_U+054E_instruction.png,Armenian_U+054E_output.png
Armenian,Տ,163,163,⠴,U+054F,Armenian_U+054F_instruction.png,Armenian_U+054F_output.png
Armenian,Ր,164,164,⠵,U+0550,Armenian_U+0550_instruction.png,Armenian_U+0550_output.png
Armenian,Ց,165,165,⠶,U+0551,Armenian_U+0551_instruction.png,Armenian_U+0551_output.png
Armenian,Ւ,166,166,⠷,U+0552,Armenian_U+0552_instruction.png,Armenian_U+0552_output.png
Armenian,Փ,167,167,⠸,U+0553,Armenian_U+0553_instruction.png,Armenian_U+0553_output.png
Armenian,Ք,168,168,⠹,U+0554,Armenian_U+0554_instruction.png,Armenian_U+0554_output.png
Armenian,Օ,169,169,⠺,U+0555,Armenian_U+0555_instruction.png,Armenian_U+0555_output.png
Armenian,Ֆ,170,170,⠻,U+0556,Armenian_U+0556_instruction.png,Armenian_U+0556_output.png
Georgian,ა,171,171,⠼,U+10D0,Georgian_U+10D0_instruction.png,Georgian_U+10D0_output.png
Georgian,ბ,172,172,⠽,U+10D1,Georgian_U+10D1_instruction.png,Georgian_U+10D1_output.png
Georgian,გ,173,173,⠾,U+10D2,Georgian_U+10D2_instruction.png,Georgian_U+10D2_output.png
Georgian,დ,174,174,⠿,U+10D3,Georgian_U+10D3_instruction.png,Georgian_U+10D3_output.png
Georgian,ე,175,175,⡀,U+10D4,Georgian_U+10D4_instruction.png,Georgian_U+10D4_output.png
Georgian,ვ,176,176,⡁,U+10D5,Georgian_U+10D5_instruction.png,Georgian_U+10D5_output.png
Georgian,ზ,177,177,⡂,U+10D6,Georgian_U+10D6_instruction.png,Georgian_U+10D6_output.png
Georgian,თ,178,178,⡃,U+10D7,Georgian_U+10D7_instruction.png,Georgian_U+10D7_output.png
Georgian,ი,179,179,⡄,U+10D8,Georgian_U+10D8_instruction.png,Georgian_U+10D8_output.png
Georgian,კ,180,180,⡅,U+10D9,Georgian_U+10D9_instruction.png,Georgian_U+10D9_output.png
Georgian,ლ,181,181,⡆,U+10DA,Georgian_U+10DA_instruction.png,Georgian_U+10DA_output.png
Georgian,მ,182,182,⡇,U+10DB,Georgian_U+10DB_instruction.png,Georgian_U+10DB_output.png
Georgian,ნ,183,183,⡈,U+10DC,Georgian_U+10DC_instruction.png,Georgian_U+10DC_output.png
Georgian,ო,184,184,⡉,U+10DD,Georgian_U+10DD_instruction.png,Georgian_U+10DD_output.png
Georgian,პ,185,185,⡊,U+10DE,Georgian_U+10DE_instruction.png,Georgian_U+10DE_output.png
Georgian,ჟ,186,186,⡋,U+10DF,Georgian_U+10DF_instruction.png,Georgian_U+10DF_output.png
Georgian,რ,187,187,⡌,U+10E0,Georgian_U+10E0_instruction.png,Georgian_U+10E0_output.png
Georgian,ს,188,188,⡍,U+10E1,Georgian_U+10E1_instruction.png,Georgian_U+10E1_output.png
Georgian,ტ,189,189,⡎,U+10E2,Georgian_U+10E2_instruction.png,Georgian_U+10E2_output.png
Georgian,უ,190,190,⡏,U+10E3,Georgian_U+10E3_instruction.png,Georgian_U+10E3_output.png
Georgian,ფ,191,191,⡐,U+10E4,Georgian_U+10E4_instruction.png,Georgian_U+10E4_output.png
Georgian,ქ,192,192,⡑,U+10E5,Georgian_U+10E5_instruction.png,Georgian_U+10E5_output.png
Georgian,ღ,193,193,⡒,U+10E6,Georgian_U+10E6_instruction.png,Georgian_U+10E6_output.png
Georgian,ყ,194,194,⡓,U+10E7,Georgian_U+10E7_instruction.png,Georgian_U+10E7_output.png
Georgian,შ,195,195,⡔,U+10E8,Georgian_U+10E8_instruction.png,Georgian_U+10E8_output.png
Georgian,ჩ,196,196,⡕,U+10E9,Georgian_U+10E9_instruction.png,Georgian_U+10E9_output.png
Georgian,ც,197,197,⡖,U+10EA,Georgian_U+10EA_instruction.png,Georgian_U+10EA_output.png
Georgian,ძ,198,198,⡗,U+10EB,Georgian_U+10EB_instruction.png,Georgian_U+10EB_output.png
Georgian,წ,199,199,⡘,U+10EC,Georgian_U+10EC_instruction.png,Georgian_U+10EC_output.png
Georgian,ჭ,200,200,⡙,U+10ED,Georgian_U+10ED_instruction.png,Georgian_U+10ED_output.png
Georgian,ხ,201,201,⡚,U+10EE,Georgian_U+10EE_instruction.png,Georgian_U+10EE_output.png
Georgian,ჯ,202,202,⡛,U+10EF,Georgian_U+10EF_instruction.png,Georgian_U+10EF_output.png
Georgian,ჰ,203,203,⡜,U+10F0,Georgian_U+10F0_instruction.png,Georgian_U+10F0_output.png
Devanagari,अ,204,204,⡝,U+0905,Devanagari_U+0905_instruction.png,Devanagari_U+0905_output.png
Devanagari,आ,205,205,⡞,U+0906,Devanagari_U+0906_instruction.png,Devanagari_U+0906_output.png
Devanagari,इ,206,206,⡟,U+0907,Devanagari_U+0907_instruction.png,Devanagari_U+0907_output.png
Devanagari,ई,207,207,⡠,U+0908,Devanagari_U+0908_instruction.png,Devanagari_U+0908_output.png
Devanagari,उ,208,208,⡡,U+0909,Devanagari_U+0909_instruction.png,Devanagari_U+0909_output.png
Devanagari,ऊ,209,209,⡢,U+090A,Devanagari_U+090A_instruction.png,Devanagari_U+090A_output.png
Devanagari,ऋ,210,210,⡣,U+090B,Devanagari_U+090B_instruction.png,Devanagari_U+090B_output.png
Devanagari,ए,211,211,⡤,U+090F,Devanagari_U+090F_instruction.png,Devanagari_U+090F_output.png
Devanagari,ऐ,212,212,⡥,U+0910,Devanagari_U+0910_instruction.png,Devanagari_U+0910_output.png
Devanagari,ओ,213,213,⡦,U+0913,Devanagari_U+0913_instruction.png,Devanagari_U+0913_output.png
Devanagari,औ,214,214,⡧,U+0914,Devanagari_U+0914_instruction.png,Devanagari_U+0914_output.png
Devanagari,क,215,215,⡨,U+0915,Devanagari_U+0915_instruction.png,Devanagari_U+0915_output.png
Devanagari,ख,216,216,⡩,U+0916,Devanagari_U+0916_instruction.png,Devanagari_U+0916_output.png
Devanagari,ग,217,217,⡪,U+0917,Devanagari_U+0917_instruction.png,Devanagari_U+0917_output.png
Devanagari,घ,218,218,⡫,U+0918,Devanagari_U+0918_instruction.png,Devanagari_U+0918_output.png
Devanagari,ङ,219,219,⡬,U+0919,Devanagari_U+0919_instruction.png,Devanagari_U+0919_output.png
Devanagari,च,220,220,⡭,U+091A,Devanagari_U+091A_instruction.png,Devanagari_U+091A_output.png
Devanagari,छ,221,221,⡮,U+091B,Devanagari_U+091B_instruction.png,Devanagari_U+091B_output.png
Devanagari,ज,222,222,✶,U+091C,Devanagari_U+091C_instruction.png,Devanagari_U+091C_output.png
Devanagari,झ,223,223,✷,U+091D,Devanagari_U+091D_instruction.png,Devanagari_U+091D_output.png
Devanagari,ञ,224,224,✸,U+091E,Devanagari_U+091E_instruction.png,Devanagari_U+091E_output.png
Devanagari,ट,225,225,✹,U+091F,Devanagari_U+091F_instruction.png,Devanagari_U+091F_output.png
Devanagari,ठ,226,226,✺,U+0920,Devanagari_U+0920_instruction.png,Devanagari_U+0920_output.png
Devanagari,ड,227,227,✻,U+0921,Devanagari_U+0921_instruction.png,Devanagari_U+0921_output.png
Devanagari,ढ,228,228,✼,U+0922,Devanagari_U+0922_instruction.png,Devanagari_U+0922_output.png
Devanagari,ण,229,229,✽,U+0923,Devanagari_U+0923_instruction.png,Devanagari_U+0923_output.png
Devanagari,त,230,230,✾,U+0924,Devanagari_U+0924_instruction.png,Devanagari_U+0924_output.png
Devanagari,थ,231,231,✿,U+0925,Devanagari_U+0925_instruction.png,Devanagari_U+0925_output.png
Devanagari,द,232,232,❀,U+0926,Devanagari_U+0926_instruction.png,Devanagari_U+0926_output.png
Devanagari,ध,233,233,❁,U+0927,Devanagari_U+0927_instruction.png,Devanagari_U+0927_output.png
Devanagari,न,234,234,❂,U+0928,Devanagari_U+0928_instruction.png,Devanagari_U+0928_output.png
Devanagari,प,235,235,❃,U+092A,Devanagari_U+092A_instruction.png,Devanagari_U+092A_output.png
Devanagari,फ,236,236,❄,U+092B,Devanagari_U+092B_instruction.png,Devanagari_U+092B_output.png
Devanagari,ब,237,237,❅,U+092C,Devanagari_U+092C_instruction.png,Devanagari_U+092C_output.png
Devanagari,भ,238,238,❆,U+092D,Devanagari_U+092D_instruction.png,Devanagari_U+092D_output.png
Devanagari,म,239,239,❇,U+092E,Devanagari_U+092E_instruction.png,Devanagari_U+092E_output.png
Devanagari,य,240,240,❈,U+092F,Devanagari_U+092F_instruction.png,Devanagari_U+092F_output.png
Devanagari,र,241,241,❉,U+0930,Devanagari_U+0930_instruction.png,Devanagari_U+0930_output.png
Devanagari,ल,242,242,❊,U+0932,Devanagari_U+0932_instruction.png,Devanagari_U+0932_output.png
Devanagari,व,243,243,❋,U+0935,Devanagari_U+0935_instruction.png,Devanagari_U+0935_output.png
Devanagari,श,244,244,★,U+0936,Devanagari_U+0936_instruction.png,Devanagari_U+0936_output.png
Devanagari,ष,245,245,☆,U+0937,Devanagari_U+0937_instruction.png,Devanagari_U+0937_output.png
Devanagari,स,246,246,✩,U+0938,Devanagari_U+0938_instruction.png,Devanagari_U+0938_output.png
Devanagari,ह,247,247,✪,U+0939,Devanagari_U+0939_instruction.png,Devanagari_U+0939_output.png
Devanagari,ळ,248,248,✫,U+0933,Devanagari_U+0933_instruction.png,Devanagari_U+0933_output.png
Devanagari,ड़,249,249,✬,U+095C,Devanagari_U+095C_instruction.png,Devanagari_U+095C_output.png
Devanagari,ढ़,250,250,✭,U+095D,Devanagari_U+095D_instruction.png,Devanagari_U+095D_output.png
Tamil,அ,251,251,✮,U+0B85,Tamil_U+0B85_instruction.png,Tamil_U+0B85_output.png
Tamil,ஆ,252,252,✯,U+0B86,Tamil_U+0B86_instruction.png,Tamil_U+0B86_output.png
Tamil,இ,253,253,✰,U+0B87,Tamil_U+0B87_instruction.png,Tamil_U+0B87_output.png
Tamil,ஈ,254,254,✱,U+0B88,Tamil_U+0B88_instruction.png,Tamil_U+0B88_output.png
Tamil,உ,255,255,✲,U+0B89,Tamil_U+0B89_instruction.png,Tamil_U+0B89_output.png
Tamil,ஊ,256,256,✳,U+0B8A,Tamil_U+0B8A_instruction.png,Tamil_U+0B8A_output.png
Tamil,எ,257,257,✴,U+0B8E,Tamil_U+0B8E_instruction.png,Tamil_U+0B8E_output.png
Tamil,ஏ,258,258,✵,U+0B8F,Tamil_U+0B8F_instruction.png,Tamil_U+0B8F_output.png
Tamil,ஐ,259,259,☀,U+0B90,Tamil_U+0B90_instruction.png,Tamil_U+0B90_output.png
Tamil,ஒ,260,260,☁,U+0B92,Tamil_U+0B92_instruction.png,Tamil_U+0B92_output.png
Tamil,ஓ,261,261,☂,U+0B93,Tamil_U+0B93_instruction.png,Tamil_U+0B93_output.png
Tamil,ஔ,262,262,☃,U+0B94,Tamil_U+0B94_instruction.png,Tamil_U+0B94_output.png
Tamil,ஃ,263,263,☄,U+0B83,Tamil_U+0B83_instruction.png,Tamil_U+0B83_output.png
Tamil,க,264,264,☼,U+0B95,Tamil_U+0B95_instruction.png,Tamil_U+0B95_output.png
Tamil,ங,265,265,☽,U+0B99,Tamil_U+0B99_instruction.png,Tamil_U+0B99_output.png
Tamil,ச,266,266,☾,U+0B9A,Tamil_U+0B9A_instruction.png,Tamil_U+0B9A_output.png
Tamil,ஞ,267,267,♠,U+0B9E,Tamil_U+0B9E_instruction.png,Tamil_U+0B9E_output.png
Tamil,ட,268,268,♡,U+0B9F,Tamil_U+0B9F_instruction.png,Tamil_U+0B9F_output.png
Tamil,ண,269,269,♣,U+0BA3,Tamil_U+0BA3_instruction.png,Tamil_U+0BA3_output.png
Tamil,த,270,270,♤,U+0BA4,Tamil_U+0BA4_instruction.png,Tamil_U+0BA4_output.png
Tamil,ந,271,271,♦,U+0BA8,Tamil_U+0BA8_instruction.png,Tamil_U+0BA8_output.png
Tamil,ப,272,272,❤,U+0BAA,Tamil_U+0BAA_instruction.png,Tamil_U+0BAA_output.png
Tamil,ம,273,273,⚡,U+0BAE,Tamil_U+0BAE_instruction.png,Tamil_U+0BAE_output.png
Tamil,ய,274,274,⚔,U+0BAF,Tamil_U+0BAF_instruction.png,Tamil_U+0BAF_output.png
Tamil,ர,275,275,☯,U+0BB0,Tamil_U+0BB0_instruction.png,Tamil_U+0BB0_output.png
Tamil,ல,276,276,⚛,U+0BB2,Tamil_U+0BB2_instruction.png,Tamil_U+0BB2_output.png
Tamil,வ,277,277,⚗,U+0BB5,Tamil_U+0BB5_instruction.png,Tamil_U+0BB5_output.png
Tamil,ழ,278,278,⚙,U+0BB4,Tamil_U+0BB4_instruction.png,Tamil_U+0BB4_output.png
Tamil,ள,279,279,⚒,U+0BB3,Tamil_U+0BB3_instruction.png,Tamil_U+0BB3_output.png
Tamil,ற,280,280,⚚,U+0BB1,Tamil_U+0BB1_instruction.png,Tamil_U+0BB1_output.png
Tamil,ன,281,281,⚕,U+0BA9,Tamil_U+0BA9_instruction.png,Tamil_U+0BA9_output.png
Bengali,অ,282,282,⚖,U+0985,Bengali_U+0985_instruction.png,Bengali_U+0985_output.png
Bengali,আ,283,283,⚘,U+0986,Bengali_U+0986_instruction.png,Bengali_U+0986_output.png
Bengali,ই,284,284,⊏,U+0987,Bengali_U+0987_instruction.png,Bengali_U+0987_output.png
Bengali,ঈ,285,285,⊐,U+0988,Bengali_U+0988_instruction.png,Bengali_U+0988_output.png
Bengali,উ,286,286,⚓,U+0989,Bengali_U+0989_instruction.png,Bengali_U+0989_output.png
Bengali,ঊ,287,287,⚑,U+098A,Bengali_U+098A_instruction.png,Bengali_U+098A_output.png
Bengali,ঋ,288,288,〇,U+098B,Bengali_U+098B_instruction.png,Bengali_U+098B_output.png
Bengali,ঌ,289,289,⟁,U+098C,Bengali_U+098C_instruction.png,Bengali_U+098C_output.png
Bengali,এ,290,290,⧖,U+098F,Bengali_U+098F_instruction.png,Bengali_U+098F_output.png
Bengali,ঐ,291,291,⧗,U+0990,Bengali_U+0990_instruction.png,Bengali_U+0990_output.png
Bengali,ও,292,292,⧘,U+0993,Bengali_U+0993_instruction.png,Bengali_U+0993_output.png
Bengali,ঔ,293,293,⧙,U+0994,Bengali_U+0994_instruction.png,Bengali_U+0994_output.png
Bengali,ক,294,294,⧚,U+0995,Bengali_U+0995_instruction.png,Bengali_U+0995_output.png
Bengali,খ,295,295,⧛,U+0996,Bengali_U+0996_instruction.png,Bengali_U+0996_output.png
Bengali,গ,296,296,⟐,U+0997,Bengali_U+0997_instruction.png,Bengali_U+0997_output.png
Bengali,ঘ,297,297,⟑,U+0998,Bengali_U+0998_instruction.png,Bengali_U+0998_output.png
Bengali,ঙ,298,298,⟒,U+0999,Bengali_U+0999_instruction.png,Bengali_U+0999_output.png
Bengali,চ,299,299,⟓,U+099A,Bengali_U+099A_instruction.png,Bengali_U+099A_output.png
Bengali,ছ,300,300,⟔,U+099B,Bengali_U+099B_instruction.png,Bengali_U+099B_output.png
Bengali,জ,301,301,⟕,U+099C,Bengali_U+099C_instruction.png,Bengali_U+099C_output.png
Bengali,ঝ,302,302,⟖,U+099D,Bengali_U+099D_instruction.png,Bengali_U+099D_output.png
Bengali,ঞ,303,303,⟗,U+099E,Bengali_U+099E_instruction.png,Bengali_U+099E_output.png
Bengali,ট,304,304,⟘,U+099F,Bengali_U+099F_instruction.png,Bengali_U+099F_output.png
Bengali,ঠ,305,305,⟙,U+09A0,Bengali_U+09A0_instruction.png,Bengali_U+09A0_output.png
Bengali,ড,306,306,⟜,U+09A1,Bengali_U+09A1_instruction.png,Bengali_U+09A1_output.png
Bengali,ঢ,307,307,⟝,U+09A2,Bengali_U+09A2_instruction.png,Bengali_U+09A2_output.png
Bengali,ণ,308,308,⟞,U+09A3,Bengali_U+09A3_instruction.png,Bengali_U+09A3_output.png
Bengali,ত,309,309,⟟,U+09A4,Bengali_U+09A4_instruction.png,Bengali_U+09A4_output.png
Bengali,থ,310,310,⟠,U+09A5,Bengali_U+09A5_instruction.png,Bengali_U+09A5_output.png
Bengali,দ,311,311,⟡,U+09A6,Bengali_U+09A6_instruction.png,Bengali_U+09A6_output.png
Bengali,ধ,312,312,⟢,U+09A7,Bengali_U+09A7_instruction.png,Bengali_U+09A7_output.png
Bengali,ন,313,313,⟣,U+09A8,Bengali_U+09A8_instruction.png,Bengali_U+09A8_output.png
Bengali,প,314,314,⟤,U+09AA,Bengali_U+09AA_instruction.png,Bengali_U+09AA_output.png
Bengali,ফ,315,315,⟥,U+09AB,Bengali_U+09AB_instruction.png,Bengali_U+09AB_output.png
Bengali,ব,316,316,⟦,U+09AC,Bengali_U+09AC_instruction.png,Bengali_U+09AC_output.png
Bengali,ভ,317,317,⟧,U+09AD,Bengali_U+09AD_instruction.png,Bengali_U+09AD_output.png
Bengali,ম,318,318,⟨,U+09AE,Bengali_U+09AE_instruction.png,Bengali_U+09AE_output.png
Bengali,য,319,319,⟩,U+09AF,Bengali_U+09AF_instruction.png,Bengali_U+09AF_output.png
Bengali,র,320,320,⟪,U+09B0,Bengali_U+09B0_instruction.png,Bengali_U+09B0_output.png
Bengali,ল,321,321,⟫,U+09B2,Bengali_U+09B2_instruction.png,Bengali_U+09B2_output.png
Bengali,শ,322,322,⟬,U+09B6,Bengali_U+09B6_instruction.png,Bengali_U+09B6_output.png
Bengali,ষ,323,323,⟭,U+09B7,Bengali_U+09B7_instruction.png,Bengali_U+09B7_output.png
Bengali,স,324,324,⟮,U+09B8,Bengali_U+09B8_instruction.png,Bengali_U+09B8_output.png
Bengali,হ,325,325,⟯,U+09B9,Bengali_U+09B9_instruction.png,Bengali_U+09B9_output.png
Bengali,ৎ,326,326,⦀,U+09CE,Bengali_U+09CE_instruction.png,Bengali_U+09CE_output.png
Bengali,ড়,327,327,⦁,U+09DC,Bengali_U+09DC_instruction.png,Bengali_U+09DC_output.png
Bengali,ঢ়,328,328,⦂,U+09DD,Bengali_U+09DD_instruction.png,Bengali_U+09DD_output.png
Bengali,য়,329,329,⦃,U+09DF,Bengali_U+09DF_instruction.png,Bengali_U+09DF_output.png
Bengali,ৠ,330,330,⦄,U+09E0,Bengali_U+09E0_instruction.png,Bengali_U+09E0_output.png
Bengali,ৡ,331,331,⦅,U+09E1,Bengali_U+09E1_instruction.png,Bengali_U+09E1_output.png
Gurmukhi,ਅ,332,332,⦆,U+0A05,Gurmukhi_U+0A05_instruction.png,Gurmukhi_U+0A05_output.png
Gurmukhi,ਆ,333,0,,U+0A06,Gurmukhi_U+0A06_instruction.png,Gurmukhi_U+0A06_output.png
Gurmukhi,ਇ,334,1,,U+0A07,Gurmukhi_U+0A07_instruction.png,Gurmukhi_U+0A07_output.png
Gurmukhi,ਈ,335,2,,U+0A08,Gurmukhi_U+0A08_instruction.png,Gurmukhi_U+0A08_output.png
Gurmukhi,ਉ,336,3,,U+0A09,Gurmukhi_U+0A09_instruction.png,Gurmukhi_U+0A09_output.png
Gurmukhi,ਊ,337,4,,U+0A0A,Gurmukhi_U+0A0A_instruction.png,Gurmukhi_U+0A0A_output.png
Gurmukhi,ਏ,338,5,,U+0A0F,Gurmukhi_U+0A0F_instruction.png,Gurmukhi_U+0A0F_output.png
Gurmukhi,ਐ,339,6,,U+0A10,Gurmukhi_U+0A10_instruction.png,Gurmukhi_U+0A10_output.png
Gurmukhi,ਓ,340,7,,U+0A13,Gurmukhi_U+0A13_instruction.png,Gurmukhi_U+0A13_output.png
Gurmukhi,ਔ,341,8,,U+0A14,Gurmukhi_U+0A14_instruction.png,Gurmukhi_U+0A14_output.png
Gurmukhi,ਕ,342,9,,U+0A15,Gurmukhi_U+0A15_instruction.png,Gurmukhi_U+0A15_output.png
Gurmukhi,ਖ,343,10,,U+0A16,Gurmukhi_U+0A16_instruction.png,Gurmukhi_U+0A16_output.png
Gurmukhi,ਗ,344,11,,U+0A17,Gurmukhi_U+0A17_instruction.png,Gurmukhi_U+0A17_output.png
Gurmukhi,ਘ,345,12,,U+0A18,Gurmukhi_U+0A18_instruction.png,Gurmukhi_U+0A18_output.png
Gurmukhi,ਙ,346,13,,U+0A19,Gurmukhi_U+0A19_instruction.png,Gurmukhi_U+0A19_output.png
Gurmukhi,ਚ,347,14,,U+0A1A,Gurmukhi_U+0A1A_instruction.png,Gurmukhi_U+0A1A_output.png
Gurmukhi,ਛ,348,15,,U+0A1B,Gurmukhi_U+0A1B_instruction.png,Gurmukhi_U+0A1B_output.png
Gurmukhi,ਜ,349,16,,U+0A1C,Gurmukhi_U+0A1C_instruction.png,Gurmukhi_U+0A1C_output.png
Gurmukhi,ਝ,350,17,,U+0A1D,Gurmukhi_U+0A1D_instruction.png,Gurmukhi_U+0A1D_output.png
Gurmukhi,ਞ,351,18,,U+0A1E,Gurmukhi_U+0A1E_instruction.png,Gurmukhi_U+0A1E_output.png
Gurmukhi,ਟ,352,19,,U+0A1F,Gurmukhi_U+0A1F_instruction.png,Gurmukhi_U+0A1F_output.png
Gurmukhi,ਠ,353,20,,U+0A20,Gurmukhi_U+0A20_instruction.png,Gurmukhi_U+0A20_output.png
Gurmukhi,ਡ,354,21,,U+0A21,Gurmukhi_U+0A21_instruction.png,Gurmukhi_U+0A21_output.png
Gurmukhi,ਢ,355,22,,U+0A22,Gurmukhi_U+0A22_instruction.png,Gurmukhi_U+0A22_output.png
Gurmukhi,ਣ,356,23,,U+0A23,Gurmukhi_U+0A23_instruction.png,Gurmukhi_U+0A23_output.png
Gurmukhi,ਤ,357,24,,U+0A24,Gurmukhi_U+0A24_instruction.png,Gurmukhi_U+0A24_output.png
Gurmukhi,ਥ,358,25,,U+0A25,Gurmukhi_U+0A25_instruction.png,Gurmukhi_U+0A25_output.png
Gurmukhi,ਦ,359,26,,U+0A26,Gurmukhi_U+0A26_instruction.png,Gurmukhi_U+0A26_output.png
Gurmukhi,ਧ,360,27,,U+0A27,Gurmukhi_U+0A27_instruction.png,Gurmukhi_U+0A27_output.png
Gurmukhi,ਨ,361,28,,U+0A28,Gurmukhi_U+0A28_instruction.png,Gurmukhi_U+0A28_output.png
Gurmukhi,ਪ,362,29,,U+0A2A,Gurmukhi_U+0A2A_instruction.png,Gurmukhi_U+0A2A_output.png
Gurmukhi,ਫ,363,30,,U+0A2B,Gurmukhi_U+0A2B_instruction.png,Gurmukhi_U+0A2B_output.png
Gurmukhi,ਬ,364,31,,U+0A2C,Gurmukhi_U+0A2C_instruction.png,Gurmukhi_U+0A2C_output.png
Gurmukhi,ਭ,365,32,,U+0A2D,Gurmukhi_U+0A2D_instruction.png,Gurmukhi_U+0A2D_output.png
Gurmukhi,ਮ,366,33,,U+0A2E,Gurmukhi_U+0A2E_instruction.png,Gurmukhi_U+0A2E_output.png
Gurmukhi,ਯ,367,34,,U+0A2F,Gurmukhi_U+0A2F_instruction.png,Gurmukhi_U+0A2F_output.png
Gurmukhi,ਰ,368,35,,U+0A30,Gurmukhi_U+0A30_instruction.png,Gurmukhi_U+0A30_output.png
Gurmukhi,ਲ,369,36,,U+0A32,Gurmukhi_U+0A32_instruction.png,Gurmukhi_U+0A32_output.png
Gurmukhi,ਵ,370,37,,U+0A35,Gurmukhi_U+0A35_instruction.png,Gurmukhi_U+0A35_output.png
Gurmukhi,ਸ਼,371,38,,U+0A36,Gurmukhi_U+0A36_instruction.png,Gurmukhi_U+0A36_output.png
Gurmukhi,ਸ,372,39,,U+0A38,Gurmukhi_U+0A38_instruction.png,Gurmukhi_U+0A38_output.png
Gurmukhi,ਹ,373,40,,U+0A39,Gurmukhi_U+0A39_instruction.png,Gurmukhi_U+0A39_output.png
Gujarati,અ,374,41,,U+0A85,Gujarati_U+0A85_instruction.png,Gujarati_U+0A85_output.png
Gujarati,આ,375,42,,U+0A86,Gujarati_U+0A86_instruction.png,Gujarati_U+0A86_output.png
Gujarati,ઇ,376,43,,U+0A87,Gujarati_U+0A87_instruction.png,Gujarati_U+0A87_output.png
Gujarati,ઈ,377,44,,U+0A88,Gujarati_U+0A88_instruction.png,Gujarati_U+0A88_output.png
Gujarati,ઉ,378,45,,U+0A89,Gujarati_U+0A89_instruction.png,Gujarati_U+0A89_output.png
Gujarati,ઊ,379,46,,U+0A8A,Gujarati_U+0A8A_instruction.png,Gujarati_U+0A8A_output.png
Gujarati,ઋ,380,47,,U+0A8B,Gujarati_U+0A8B_instruction.png,Gujarati_U+0A8B_output.png
Gujarati,ઌ,381,48,,U+0A8C,Gujarati_U+0A8C_instruction.png,Gujarati_U+0A8C_output.png
Gujarati,એ,382,49,,U+0A8F,Gujarati_U+0A8F_instruction.png,Gujarati_U+0A8F_output.png
Gujarati,ઐ,383,50,,U+0A90,Gujarati_U+0A90_instruction.png,Gujarati_U+0A90_output.png
Gujarati,ઓ,384,51,,U+0A93,Gujarati_U+0A93_instruction.png,Gujarati_U+0A93_output.png
Gujarati,ઔ,385,52,,U+0A94,Gujarati_U+0A94_instruction.png,Gujarati_U+0A94_output.png
Gujarati,ક,386,53,,U+0A95,Gujarati_U+0A95_instruction.png,Gujarati_U+0A95_output.png
Gujarati,ખ,387,54,,U+0A96,Gujarati_U+0A96_instruction.png,Gujarati_U+0A96_output.png
Gujarati,ગ,388,55,,U+0A97,Gujarati_U+0A97_instruction.png,Gujarati_U+0A97_output.png
Gujarati,ઘ,389,56,,U+0A98,Gujarati_U+0A98_instruction.png,Gujarati_U+0A98_output.png
Gujarati,ઙ,390,57,,U+0A99,Gujarati_U+0A99_instruction.png,Gujarati_U+0A99_output.png
Gujarati,ચ,391,58,,U+0A9A,Gujarati_U+0A9A_instruction.png,Gujarati_U+0A9A_output.png
Gujarati,છ,392,59,,U+0A9B,Gujarati_U+0A9B_instruction.png,Gujarati_U+0A9B_output.png
Gujarati,જ,393,60,,U+0A9C,Gujarati_U+0A9C_instruction.png,Gujarati_U+0A9C_output.png
Gujarati,ઝ,394,61,,U+0A9D,Gujarati_U+0A9D_instruction.png,Gujarati_U+0A9D_output.png
Gujarati,ઞ,395,62,,U+0A9E,Gujarati_U+0A9E_instruction.png,Gujarati_U+0A9E_output.png
Gujarati,ટ,396,63,,U+0A9F,Gujarati_U+0A9F_instruction.png,Gujarati_U+0A9F_output.png
Gujarati,ઠ,397,64,,U+0AA0,Gujarati_U+0AA0_instruction.png,Gujarati_U+0AA0_output.png
Gujarati,ડ,398,65,,U+0AA1,Gujarati_U+0AA1_instruction.png,Gujarati_U+0AA1_output.png
Gujarati,ઢ,399,66,,U+0AA2,Gujarati_U+0AA2_instruction.png,Gujarati_U+0AA2_output.png
Gujarati,ણ,400,67,,U+0AA3,Gujarati_U+0AA3_instruction.png,Gujarati_U+0AA3_output.png
Gujarati,ત,401,68,,U+0AA4,Gujarati_U+0AA4_instruction.png,Gujarati_U+0AA4_output.png
Gujarati,થ,402,69,,U+0AA5,Gujarati_U+0AA5_instruction.png,Gujarati_U+0AA5_output.png
Gujarati,દ,403,70,,U+0AA6,Gujarati_U+0AA6_instruction.png,Gujarati_U+0AA6_output.png
Gujarati,ધ,404,71,,U+0AA7,Gujarati_U+0AA7_instruction.png,Gujarati_U+0AA7_output.png
Gujarati,ન,405,72,,U+0AA8,Gujarati_U+0AA8_instruction.png,Gujarati_U+0AA8_output.png
Gujarati,પ,406,73,,U+0AAA,Gujarati_U+0AAA_instruction.png,Gujarati_U+0AAA_output.png
Gujarati,ફ,407,74,,U+0AAB,Gujarati_U+0AAB_instruction.png,Gujarati_U+0AAB_output.png
Gujarati,બ,408,75,,U+0AAC,Gujarati_U+0AAC_instruction.png,Gujarati_U+0AAC_output.png
Gujarati,ભ,409,76,,U+0AAD,Gujarati_U+0AAD_instruction.png,Gujarati_U+0AAD_output.png
Gujarati,મ,410,77,,U+0AAE,Gujarati_U+0AAE_instruction.png,Gujarati_U+0AAE_output.png
Gujarati,ય,411,78,,U+0AAF,Gujarati_U+0AAF_instruction.png,Gujarati_U+0AAF_output.png
Gujarati,ર,412,79,,U+0AB0,Gujarati_U+0AB0_instruction.png,Gujarati_U+0AB0_output.png
Gujarati,લ,413,80,,U+0AB2,Gujarati_U+0AB2_instruction.png,Gujarati_U+0AB2_output.png
Gujarati,ળ,414,81,,U+0AB3,Gujarati_U+0AB3_instruction.png,Gujarati_U+0AB3_output.png
Gujarati,વ,415,82,,U+0AB5,Gujarati_U+0AB5_instruction.png,Gujarati_U+0AB5_output.png
Gujarati,શ,416,83,,U+0AB6,Gujarati_U+0AB6_instruction.png,Gujarati_U+0AB6_output.png
Gujarati,ષ,417,84,,U+0AB7,Gujarati_U+0AB7_instruction.png,Gujarati_U+0AB7_output.png
Gujarati,સ,418,85,,U+0AB8,Gujarati_U+0AB8_instruction.png,Gujarati_U+0AB8_output.png
Gujarati,હ,419,86,,U+0AB9,Gujarati_U+0AB9_instruction.png,Gujarati_U+0AB9_output.png
Gujarati,ૠ,420,87,,U+0AE0,Gujarati_U+0AE0_instruction.png,Gujarati_U+0AE0_output.png
Gujarati,ૡ,421,88,,U+0AE1,Gujarati_U+0AE1_instruction.png,Gujarati_U+0AE1_output.png
Gujarati,ૹ,422,89,,U+0AF9,Gujarati_U+0AF9_instruction.png,Gujarati_U+0AF9_output.png
Hangul,ᄀ,423,90,,U+1100,Hangul_U+1100_instruction.png,Hangul_U+1100_output.png
Hangul,ᄁ,424,91,,U+1101,Hangul_U+1101_instruction.png,Hangul_U+1101_output.png
Hangul,ᄂ,425,92,,U+1102,Hangul_U+1102_instruction.png,Hangul_U+1102_output.png
Hangul,ᄃ,426,93,,U+1103,Hangul_U+1103_instruction.png,Hangul_U+1103_output.png
Hangul,ᄄ,427,94,,U+1104,Hangul_U+1104_instruction.png,Hangul_U+1104_output.png
Hangul,ᄅ,428,95,,U+1105,Hangul_U+1105_instruction.png,Hangul_U+1105_output.png
Hangul,ᄆ,429,96,,U+1106,Hangul_U+1106_instruction.png,Hangul_U+1106_output.png
Hangul,ᄇ,430,97,,U+1107,Hangul_U+1107_instruction.png,Hangul_U+1107_output.png
Hangul,ᄈ,431,98,,U+1108,Hangul_U+1108_instruction.png,Hangul_U+1108_output.png
Hangul,ᄉ,432,99,,U+1109,Hangul_U+1109_instruction.png,Hangul_U+1109_output.png
Hangul,ᄊ,433,100,,U+110A,Hangul_U+110A_instruction.png,Hangul_U+110A_output.png
Hangul,ᄋ,434,101,,U+110B,Hangul_U+110B_instruction.png,Hangul_U+110B_output.png
Hangul,ᄌ,435,102,,U+110C,Hangul_U+110C_instruction.png,Hangul_U+110C_output.png
Hangul,ᄍ,436,103,,U+110D,Hangul_U+110D_instruction.png,Hangul_U+110D_output.png
Hangul,ᄎ,437,104,,U+110E,Hangul_U+110E_instruction.png,Hangul_U+110E_output.png
Hangul,ᄏ,438,105,,U+110F,Hangul_U+110F_instruction.png,Hangul_U+110F_output.png
Hangul,ᄐ,439,106,,U+1110,Hangul_U+1110_instruction.png,Hangul_U+1110_output.png
Hangul,ᄑ,440,107,,U+1111,Hangul_U+1111_instruction.png,Hangul_U+1111_output.png
Hangul,ᄒ,441,108,,U+1112,Hangul_U+1112_instruction.png,Hangul_U+1112_output.png
Hangul,ᅡ,442,109,,U+1161,Hangul_U+1161_instruction.png,Hangul_U+1161_output.png
Hangul,ᅢ,443,110,,U+1162,Hangul_U+1162_instruction.png,Hangul_U+1162_output.png
Hangul,ᅣ,444,111,⠀,U+1163,Hangul_U+1163_instruction.png,Hangul_U+1163_output.png
Hangul,ᅤ,445,112,⠁,U+1164,Hangul_U+1164_instruction.png,Hangul_U+1164_output.png
Hangul,ᅥ,446,113,⠂,U+1165,Hangul_U+1165_instruction.png,Hangul_U+1165_output.png
Hangul,ᅦ,447,114,⠃,U+1166,Hangul_U+1166_instruction.png,Hangul_U+1166_output.png
Hangul,ᅧ,448,115,⠄,U+1167,Hangul_U+1167_instruction.png,Hangul_U+1167_output.png
Hangul,ᅨ,449,116,⠅,U+1168,Hangul_U+1168_instruction.png,Hangul_U+1168_output.png
Hangul,ᅩ,450,117,⠆,U+1169,Hangul_U+1169_instruction.png,Hangul_U+1169_output.png
Hangul,ᅪ,451,118,⠇,U+116A,Hangul_U+116A_instruction.png,Hangul_U+116A_output.png
Hangul,ᅫ,452,119,⠈,U+116B,Hangul_U+116B_instruction.png,Hangul_U+116B_output.png
Hangul,ᅬ,453,120,⠉,U+116C,Hangul_U+116C_instruction.png,Hangul_U+116C_output.png
Hangul,ᅭ,454,121,⠊,U+116D,Hangul_U+116D_instruction.png,Hangul_U+116D_output.png
Hangul,ᅮ,455,122,⠋,U+116E,Hangul_U+116E_instruction.png,Hangul_U+116E_output.png
Hangul,ᅯ,456,123,⠌,U+116F,Hangul_U+116F_instruction.png,Hangul_U+116F_output.png
Hangul,ᅰ,457,124,⠍,U+1170,Hangul_U+1170_instruction.png,Hangul_U+1170_output.png
Hangul,ᅱ,458,125,⠎,U+1171,Hangul_U+1171_instruction.png,Hangul_U+1171_output.png
Hangul,ᅲ,459,126,⠏,U+1172,Hangul_U+1172_instruction.png,Hangul_U+1172_output.png
Hangul,ᅳ,460,127,⠐,U+1173,Hangul_U+1173_instruction.png,Hangul_U+1173_output.png
Hangul,ᅴ,461,128,⠑,U+1174,Hangul_U+1174_instruction.png,Hangul_U+1174_output.png
Hangul,ᅵ,462,129,⠒,U+1175,Hangul_U+1175_instruction.png,Hangul_U+1175_output.png
Hiragana,あ,463,130,⠓,U+3042,Hiragana_U+3042_instruction.png,Hiragana_U+3042_output.png
Hiragana,い,464,131,⠔,U+3044,Hiragana_U+3044_instruction.png,Hiragana_U+3044_output.png
Hiragana,う,465,132,⠕,U+3046,Hiragana_U+3046_instruction.png,Hiragana_U+3046_output.png
Hiragana,え,466,133,⠖,U+3048,Hiragana_U+3048_instruction.png,Hiragana_U+3048_output.png
Hiragana,お,467,134,⠗,U+304A,Hiragana_U+304A_instruction.png,Hiragana_U+304A_output.png
Hiragana,か,468,135,⠘,U+304B,Hiragana_U+304B_instruction.png,Hiragana_U+304B_output.png
Hiragana,き,469,136,⠙,U+304D,Hiragana_U+304D_instruction.png,Hiragana_U+304D_output.png
Hiragana,く,470,137,⠚,U+304F,Hiragana_U+304F_instruction.png,Hiragana_U+304F_output.png
Hiragana,け,471,138,⠛,U+3051,Hiragana_U+3051_instruction.png,Hiragana_U+3051_output.png
Hiragana,こ,472,139,⠜,U+3053,Hiragana_U+3053_instruction.png,Hiragana_U+3053_output.png
Hiragana,さ,473,140,⠝,U+3055,Hiragana_U+3055_instruction.png,Hiragana_U+3055_output.png
Hiragana,し,474,141,⠞,U+3057,Hiragana_U+3057_instruction.png,Hiragana_U+3057_output.png
Hiragana,す,475,142,⠟,U+3059,Hiragana_U+3059_instruction.png,Hiragana_U+3059_output.png
Hiragana,せ,476,143,⠠,U+305B,Hiragana_U+305B_instruction.png,Hiragana_U+305B_output.png
Hiragana,そ,477,144,⠡,U+305D,Hiragana_U+305D_instruction.png,Hiragana_U+305D_output.png
Hiragana,た,478,145,⠢,U+305F,Hiragana_U+305F_instruction.png,Hiragana_U+305F_output.png
Hiragana,ち,479,146,⠣,U+3061,Hiragana_U+3061_instruction.png,Hiragana_U+3061_output.png
Hiragana,つ,480,147,⠤,U+3064,Hiragana_U+3064_instruction.png,Hiragana_U+3064_output.png
Hiragana,て,481,148,⠥,U+3066,Hiragana_U+3066_instruction.png,Hiragana_U+3066_output.png
Hiragana,と,482,149,⠦,U+3068,Hiragana_U+3068_instruction.png,Hiragana_U+3068_output.png
Hiragana,な,483,150,⠧,U+306A,Hiragana_U+306A_instruction.png,Hiragana_U+306A_output.png
Hiragana,に,484,151,⠨,U+306B,Hiragana_U+306B_instruction.png,Hiragana_U+306B_output.png
Hiragana,ぬ,485,152,⠩,U+306C,Hiragana_U+306C_instruction.png,Hiragana_U+306C_output.png
Hiragana,ね,486,153,⠪,U+306D,Hiragana_U+306D_instruction.png,Hiragana_U+306D_output.png
Hiragana,の,487,154,⠫,U+306E,Hiragana_U+306E_instruction.png,Hiragana_U+306E_output.png
Hiragana,は,488,155,⠬,U+306F,Hiragana_U+306F_instruction.png,Hiragana_U+306F_output.png
Hiragana,ひ,489,156,⠭,U+3072,Hiragana_U+3072_instruction.png,Hiragana_U+3072_output.png
Hiragana,ふ,490,157,⠮,U+3075,Hiragana_U+3075_instruction.png,Hiragana_U+3075_output.png
Hiragana,へ,491,158,⠯,U+3078,Hiragana_U+3078_instruction.png,Hiragana_U+3078_output.png
Hiragana,ほ,492,159,⠰,U+307B,Hiragana_U+307B_instruction.png,Hiragana_U+307B_output.png
Hiragana,ま,493,160,⠱,U+307E,Hiragana_U+307E_instruction.png,Hiragana_U+307E_output.png
Hiragana,み,494,161,⠲,U+307F,Hiragana_U+307F_instruction.png,Hiragana_U+307F_output.png
Hiragana,む,495,162,⠳,U+3080,Hiragana_U+3080_instruction.png,Hiragana_U+3080_output.png
Hiragana,め,496,163,⠴,U+3081,Hiragana_U+3081_instruction.png,Hiragana_U+3081_output.png
Hiragana,も,497,164,⠵,U+3082,Hiragana_U+3082_instruction.png,Hiragana_U+3082_output.png
Hiragana,や,498,165,⠶,U+3084,Hiragana_U+3084_instruction.png,Hiragana_U+3084_output.png
Hiragana,ゆ,499,166,⠷,U+3086,Hiragana_U+3086_instruction.png,Hiragana_U+3086_output.png
Hiragana,よ,500,167,⠸,U+3088,Hiragana_U+3088_instruction.png,Hiragana_U+3088_output.png
Hiragana,ら,501,168,⠹,U+3089,Hiragana_U+3089_instruction.png,Hiragana_U+3089_output.png
Hiragana,り,502,169,⠺,U+308A,Hiragana_U+308A_instruction.png,Hiragana_U+308A_output.png
Hiragana,る,503,170,⠻,U+308B,Hiragana_U+308B_instruction.png,Hiragana_U+308B_output.png
Hiragana,れ,504,171,⠼,U+308C,Hiragana_U+308C_instruction.png,Hiragana_U+308C_output.png
Hiragana,ろ,505,172,⠽,U+308D,Hiragana_U+308D_instruction.png,Hiragana_U+308D_output.png
Hiragana,わ,506,173,⠾,U+308F,Hiragana_U+308F_instruction.png,Hiragana_U+308F_output.png
Hiragana,を,507,174,⠿,U+3092,Hiragana_U+3092_instruction.png,Hiragana_U+3092_output.png
Hiragana,ん,508,175,⡀,U+3093,Hiragana_U+3093_instruction.png,Hiragana_U+3093_output.png
Katakana,ア,509,176,⡁,U+30A2,Katakana_U+30A2_instruction.png,Katakana_U+30A2_output.png
Katakana,イ,510,177,⡂,U+30A4,Katakana_U+30A4_instruction.png,Katakana_U+30A4_output.png
Katakana,ウ,511,178,⡃,U+30A6,Katakana_U+30A6_instruction.png,Katakana_U+30A6_output.png
Katakana,エ,512,179,⡄,U+30A8,Katakana_U+30A8_instruction.png,Katakana_U+30A8_output.png
Katakana,オ,513,180,⡅,U+30AA,Katakana_U+30AA_instruction.png,Katakana_U+30AA_output.png
Katakana,カ,514,181,⡆,U+30AB,Katakana_U+30AB_instruction.png,Katakana_U+30AB_output.png
Katakana,キ,515,182,⡇,U+30AD,Katakana_U+30AD_instruction.png,Katakana_U+30AD_output.png
Katakana,ク,516,183,⡈,U+30AF,Katakana_U+30AF_instruction.png,Katakana_U+30AF_output.png
Katakana,ケ,517,184,⡉,U+30B1,Katakana_U+30B1_instruction.png,Katakana_U+30B1_output.png
Katakana,コ,518,185,⡊,U+30B3,Katakana_U+30B3_instruction.png,Katakana_U+30B3_output.png
Katakana,サ,519,186,⡋,U+30B5,Katakana_U+30B5_instruction.png,Katakana_U+30B5_output.png
Katakana,シ,520,187,⡌,U+30B7,Katakana_U+30B7_instruction.png,Katakana_U+30B7_output.png
Katakana,ス,521,188,⡍,U+30B9,Katakana_U+30B9_instruction.png,Katakana_U+30B9_output.png
Katakana,セ,522,189,⡎,U+30BB,Katakana_U+30BB_instruction.png,Katakana_U+30BB_output.png
Katakana,ソ,523,190,⡏,U+30BD,Katakana_U+30BD_instruction.png,Katakana_U+30BD_output.png
Katakana,タ,524,191,⡐,U+30BF,Katakana_U+30BF_instruction.png,Katakana_U+30BF_output.png
Katakana,チ,525,192,⡑,U+30C1,Katakana_U+30C1_instruction.png,Katakana_U+30C1_output.png
Katakana,ツ,526,193,⡒,U+30C4,Katakana_U+30C4_instruction.png,Katakana_U+30C4_output.png
Katakana,テ,527,194,⡓,U+30C6,Katakana_U+30C6_instruction.png,Katakana_U+30C6_output.png
Katakana,ト,528,195,⡔,U+30C8,Katakana_U+30C8_instruction.png,Katakana_U+30C8_output.png
Katakana,ナ,529,196,⡕,U+30CA,Katakana_U+30CA_instruction.png,Katakana_U+30CA_output.png
Katakana,ニ,530,197,⡖,U+30CB,Katakana_U+30CB_instruction.png,Katakana_U+30CB_output.png
Katakana,ヌ,531,198,⡗,U+30CC,Katakana_U+30CC_instruction.png,Katakana_U+30CC_output.png
Katakana,ネ,532,199,⡘,U+30CD,Katakana_U+30CD_instruction.png,Katakana_U+30CD_output.png
Katakana,ノ,533,200,⡙,U+30CE,Katakana_U+30CE_instruction.png,Katakana_U+30CE_output.png
Katakana,ハ,534,201,⡚,U+30CF,Katakana_U+30CF_instruction.png,Katakana_U+30CF_output.png
Katakana,ヒ,535,202,⡛,U+30D2,Katakana_U+30D2_instruction.png,Katakana_U+30D2_output.png
Katakana,フ,536,203,⡜,U+30D5,Katakana_U+30D5_instruction.png,Katakana_U+30D5_output.png
Katakana,ヘ,537,204,⡝,U+30D8,Katakana_U+30D8_instruction.png,Katakana_U+30D8_output.png
Katakana,ホ,538,205,⡞,U+30DB,Katakana_U+30DB_instruction.png,Katakana_U+30DB_output.png
Katakana,マ,539,206,⡟,U+30DE,Katakana_U+30DE_instruction.png,Katakana_U+30DE_output.png
Katakana,ミ,540,207,⡠,U+30DF,Katakana_U+30DF_instruction.png,Katakana_U+30DF_output.png
Katakana,ム,541,208,⡡,U+30E0,Katakana_U+30E0_instruction.png,Katakana_U+30E0_output.png
Katakana,メ,542,209,⡢,U+30E1,Katakana_U+30E1_instruction.png,Katakana_U+30E1_output.png
Katakana,モ,543,210,⡣,U+30E2,Katakana_U+30E2_instruction.png,Katakana_U+30E2_output.png
Katakana,ヤ,544,211,⡤,U+30E4,Katakana_U+30E4_instruction.png,Katakana_U+30E4_output.png
Katakana,ユ,545,212,⡥,U+30E6,Katakana_U+30E6_instruction.png,Katakana_U+30E6_output.png
Katakana,ヨ,546,213,⡦,U+30E8,Katakana_U+30E8_instruction.png,Katakana_U+30E8_output.png
Katakana,ラ,547,214,⡧,U+30E9,Katakana_U+30E9_instruction.png,Katakana_U+30E9_output.png
Katakana,リ,548,215,⡨,U+30EA,Katakana_U+30EA_instruction.png,Katakana_U+30EA_output.png
Katakana,ル,549,216,⡩,U+30EB,Katakana_U+30EB_instruction.png,Katakana_U+30EB_output.png
Katakana,レ,550,217,⡪,U+30EC,Katakana_U+30EC_instruction.png,Katakana_U+30EC_output.png
Katakana,ロ,551,218,⡫,U+30ED,Katakana_U+30ED_instruction.png,Katakana_U+30ED_output.png
Katakana,ワ,552,219,⡬,U+30EF,Katakana_U+30EF_instruction.png,Katakana_U+30EF_output.png
Katakana,ヲ,553,220,⡭,U+30F2,Katakana_U+30F2_instruction.png,Katakana_U+30F2_output.png
Katakana,ン,554,221,⡮,U+30F3,Katakana_U+30F3_instruction.png,Katakana_U+30F3_output.png
Thai,ก,555,222,✶,U+0E01,Thai_U+0E01_instruction.png,Thai_U+0E01_output.png
Thai,ข,556,223,✷,U+0E02,Thai_U+0E02_instruction.png,Thai_U+0E02_output.png
Thai,ฃ,557,224,✸,U+0E03,Thai_U+0E03_instruction.png,Thai_U+0E03_output.png
Thai,ค,558,225,✹,U+0E04,Thai_U+0E04_instruction.png,Thai_U+0E04_output.png
Thai,ฅ,559,226,✺,U+0E05,Thai_U+0E05_instruction.png,Thai_U+0E05_output.png
Thai,ฆ,560,227,✻,U+0E06,Thai_U+0E06_instruction.png,Thai_U+0E06_output.png
Thai,ง,561,228,✼,U+0E07,Thai_U+0E07_instruction.png,Thai_U+0E07_output.png
Thai,จ,562,229,✽,U+0E08,Thai_U+0E08_instruction.png,Thai_U+0E08_output.png
Thai,ฉ,563,230,✾,U+0E09,Thai_U+0E09_instruction.png,Thai_U+0E09_output.png
Thai,ช,564,231,✿,U+0E0A,Thai_U+0E0A_instruction.png,Thai_U+0E0A_output.png
Thai,ซ,565,232,❀,U+0E0B,Thai_U+0E0B_instruction.png,Thai_U+0E0B_output.png
Thai,ฌ,566,233,❁,U+0E0C,Thai_U+0E0C_instruction.png,Thai_U+0E0C_output.png
Thai,ญ,567,234,❂,U+0E0D,Thai_U+0E0D_instruction.png,Thai_U+0E0D_output.png
Thai,ฎ,568,235,❃,U+0E0E,Thai_U+0E0E_instruction.png,Thai_U+0E0E_output.png
Thai,ฏ,569,236,❄,U+0E0F,Thai_U+0E0F_instruction.png,Thai_U+0E0F_output.png
Thai,ฐ,570,237,❅,U+0E10,Thai_U+0E10_instruction.png,Thai_U+0E10_output.png
Thai,ฑ,571,238,❆,U+0E11,Thai_U+0E11_instruction.png,Thai_U+0E11_output.png
Thai,ฒ,572,239,❇,U+0E12,Thai_U+0E12_instruction.png,Thai_U+0E12_output.png
Thai,ณ,573,240,❈,U+0E13,Thai_U+0E13_instruction.png,Thai_U+0E13_output.png
Thai,ด,574,241,❉,U+0E14,Thai_U+0E14_instruction.png,Thai_U+0E14_output.png
Thai,ต,575,242,❊,U+0E15,Thai_U+0E15_instruction.png,Thai_U+0E15_output.png
Thai,ถ,576,243,❋,U+0E16,Thai_U+0E16_instruction.png,Thai_U+0E16_output.png
Thai,ท,577,244,★,U+0E17,Thai_U+0E17_instruction.png,Thai_U+0E17_output.png
Thai,ธ,578,245,☆,U+0E18,Thai_U+0E18_instruction.png,Thai_U+0E18_output.png
Thai,น,579,246,✩,U+0E19,Thai_U+0E19_instruction.png,Thai_U+0E19_output.png
Thai,บ,580,247,✪,U+0E1A,Thai_U+0E1A_instruction.png,Thai_U+0E1A_output.png
Thai,ป,581,248,✫,U+0E1B,Thai_U+0E1B_instruction.png,Thai_U+0E1B_output.png
Thai,ผ,582,249,✬,U+0E1C,Thai_U+0E1C_instruction.png,Thai_U+0E1C_output.png
Thai,ฝ,583,250,✭,U+0E1D,Thai_U+0E1D_instruction.png,Thai_U+0E1D_output.png
Thai,พ,584,251,✮,U+0E1E,Thai_U+0E1E_instruction.png,Thai_U+0E1E_output.png
Thai,ฟ,585,252,✯,U+0E1F,Thai_U+0E1F_instruction.png,Thai_U+0E1F_output.png
Thai,ภ,586,253,✰,U+0E20,Thai_U+0E20_instruction.png,Thai_U+0E20_output.png
Thai,ม,587,254,✱,U+0E21,Thai_U+0E21_instruction.png,Thai_U+0E21_output.png
Thai,ย,588,255,✲,U+0E22,Thai_U+0E22_instruction.png,Thai_U+0E22_output.png
Thai,ร,589,256,✳,U+0E23,Thai_U+0E23_instruction.png,Thai_U+0E23_output.png
Thai,ล,590,257,✴,U+0E25,Thai_U+0E25_instruction.png,Thai_U+0E25_output.png
Thai,ว,591,258,✵,U+0E27,Thai_U+0E27_instruction.png,Thai_U+0E27_output.png
Thai,ศ,592,259,☀,U+0E28,Thai_U+0E28_instruction.png,Thai_U+0E28_output.png
Thai,ษ,593,260,☁,U+0E29,Thai_U+0E29_instruction.png,Thai_U+0E29_output.png
Thai,ส,594,261,☂,U+0E2A,Thai_U+0E2A_instruction.png,Thai_U+0E2A_output.png
Thai,ห,595,262,☃,U+0E2B,Thai_U+0E2B_instruction.png,Thai_U+0E2B_output.png
Thai,ฬ,596,263,☄,U+0E2C,Thai_U+0E2C_instruction.png,Thai_U+0E2C_output.png
Thai,อ,597,264,☼,U+0E2D,Thai_U+0E2D_instruction.png,Thai_U+0E2D_output.png
Thai,ฮ,598,265,☽,U+0E2E,Thai_U+0E2E_instruction.png,Thai_U+0E2E_output.png
